Borough,Neighborhood,Neighborhood_Latitude,Neighborhood_Longitude,Venue,Venue_Latitude,Venue_Longitude,Venue_Category
Balaraja,BALARAJA,-6.2001799999889,106.43687773281,Pondok Bakso & Mie Ayam Lesehan,-6.2038629,106.4464766,Indonesian Meatball Place
Balaraja,BALARAJA,-6.2001799999889,106.43687773281,ketoprak siram Cirebon,-6.197587173446537,106.45792522761496,Arepa Restaurant
Balaraja,BALARAJA,-6.2001799999889,106.43687773281,Bubur ayam depan Bank bjb balaraja,-6.2061758,106.4503098,Belarusian Restaurant
Balaraja,BALARAJA,-6.2001799999889,106.43687773281,Pizza Hut,-6.193827909144382,106.46352754702748,Pizza Place
Balaraja,BALARAJA,-6.2001799999889,106.43687773281,Baso titotti cibadak,-6.19433902547527,106.4598520864751,Dumpling Restaurant
Balaraja,BALARAJA,-6.2001799999889,106.43687773281,nasi uduk Tante Lalan,-6.191623077444834,106.4612267816965,Betawinese Restaurant
Balaraja,BALARAJA,-6.2001799999889,106.43687773281,Bakso Rudal,-6.2042186193602475,106.45229995250702,Noodle House
Balaraja,BALARAJA,-6.2001799999889,106.43687773281,Waroeng Bakso Ikan,-6.172256552984579,106.4515523402534,Seafood Restaurant
Balaraja,BALARAJA,-6.2001799999889,106.43687773281,warung bakso,-6.209600925445557,106.4535140991211,Dumpling Restaurant
Balaraja,BALARAJA,-6.2001799999889,106.43687773281,catrek,-6.203811578621541,106.4604560309628,Dumpling Restaurant
Balaraja,BALARAJA,-6.2001799999889,106.43687773281,"Bakmi abah,balaraja",-6.1942430769842565,106.45688990779352,Noodle House
Balaraja,BALARAJA,-6.2001799999889,106.43687773281,CFC Rest Area,-6.193618135292382,106.42486655007052,American Restaurant
Balaraja,BALARAJA,-6.2001799999889,106.43687773281,Bakmi Raos,-6.190368059933486,106.46048479026757,Noodle House
Balaraja,BALARAJA,-6.2001799999889,106.43687773281,Kantin CPI Balaraja,-6.223805904388428,106.43170166015625,Latin American Restaurant
Balaraja,BALARAJA,-6.2001799999889,106.43687773281,Bakso kepala sapi,-6.18804,106.45234,Dumpling Restaurant
Balaraja,BALARAJA,-6.2001799999889,106.43687773281,Saung Haneut,-6.192251361286304,106.46204930239966,Sundanese Restaurant
Balaraja,BALARAJA,-6.2001799999889,106.43687773281,Pizza crot mas broto,-6.225614222222222,106.42995755555555,Pizza Place
Balaraja,BALARAJA,-6.2001799999889,106.43687773281,Mie Ayam Kari,-6.195509760592845,106.45837783813477,Noodle House
Balaraja,BALARAJA,-6.2001799999889,106.43687773281,Mie Catrek,-6.192563,106.461706,Noodle House
Balaraja,BALARAJA,-6.2001799999889,106.43687773281,rumah makan mudiak padang,-6.217085361480713,106.41087341308594,Padangnese Restaurant
Balaraja,BALARAJA,-6.2001799999889,106.43687773281,Ketoprak Sentiong,-6.176142669718115,106.45231155490987,Dim Sum Restaurant
Balaraja,BALARAJA,-6.2001799999889,106.43687773281,Pondok Bakso Tennis  mas jhon,-6.195729509816064,106.45853491835072,Indonesian Meatball Place
Balaraja,BALARAJA,-6.2001799999889,106.43687773281,Soto Padang,-6.192124366760254,106.46219635009766,Padangnese Restaurant
Balaraja,BALARAJA,-6.2001799999889,106.43687773281,Kantin Freetrend,-6.212374473500974,106.46001313816812,Buffet
Balaraja,BALARAJA,-6.2001799999889,106.43687773281,Sawah balaraja didenztrit2,-6.2026,106.46082,Australian Restaurant
Balaraja,BALARAJA,-6.2001799999889,106.43687773281,Kantor lurah pasir rampo,-6.20215,106.4547,American Restaurant
Balaraja,BALARAJA,-6.2001799999889,106.43687773281,Pondok Bakso Mas Jhon,-6.195677,106.458653,Dumpling Restaurant
Balaraja,BALARAJA,-6.2001799999889,106.43687773281,Bakso Tam Tam,-6.2173615,106.4116,Indonesian Meatball Place
Balaraja,BALARAJA,-6.2001799999889,106.43687773281,Pondok Moro Seneng,-6.205014130734051,106.45184567286192,Fast Food Restaurant
Balaraja,BALARAJA,-6.2001799999889,106.43687773281,Warung BUK kumis,-6.207405398466588,106.450177708613,Halal Restaurant
Cikupa,CIBADAK,-6.3405836824577,106.22443499929001,RM. Cinanggela,-6.346189,106.222063,Buffet
Cikupa,CIBADAK,-6.3405836824577,106.22443499929001,Bubur Ayam Mang Dion,-6.325310562158941,106.22453475489385,Sundanese Restaurant
Cikupa,CIBADAK,-6.3405836824577,106.22443499929001,Pondok Penyet Empat Saudara,-6.351254,106.24774,Halal Restaurant
Cikupa,CIBADAK,-6.3405836824577,106.22443499929001,Soto Lestari,-6.355305,106.249667,Noodle House
Cikupa,CIBADAK,-6.3405836824577,106.22443499929001,Bakso Mas Sugeng,-6.342609052239066,106.23869149953937,Noodle House
Cikupa,CIBADAK,-6.3405836824577,106.22443499929001,Mie Ayam Uun,-6.3562124043013135,106.2489994340348,Noodle House
Cikupa,CIBADAK,-6.3405836824577,106.22443499929001,Reman,-6.354887199999999,106.2483475,Noodle House
Cikupa,CIBADAK,-6.3405836824577,106.22443499929001,Bakso Mas Budi,-6.3582,106.248,Dumpling Restaurant
Cikupa,CIBADAK,-6.3405836824577,106.22443499929001,Dining Room,-6.354803,106.2471392,Chinese Restaurant
Cikupa,CIBADAK,-6.3405836824577,106.22443499929001,Tea garden,-6.354803,106.2471392,Chinese Restaurant
Cikupa,CIBADAK,-6.3405836824577,106.22443499929001,Istana Pasta & Steak,-6.357533954163833,106.24906263927988,Italian Restaurant
Cikupa,CIBADAK,-6.3405836824577,106.22443499929001,Gudang Mercon NayNay,-6.355692784003768,106.24722394937129,American Restaurant
Cikupa,CIBADAK,-6.3405836824577,106.22443499929001,Rumah Makan Campur Sari,-6.3552578701085105,106.24999922842481,Seafood Restaurant
Cikupa,CIBADAK,-6.3405836824577,106.22443499929001,baso solo,-6.3534088134765625,106.22174072265625,Noodle House
Cikupa,CIBADAK,-6.3405836824577,106.22443499929001,Seafod 21,-6.352012115204097,106.24753997300085,Seafood Restaurant
Cikupa,CIBADAK,-6.3405836824577,106.22443499929001,piccolo pizza rangkasbitung,-6.353497773269693,106.24625864391116,Pizza Place
Cikupa,CIBADAK,-6.3405836824577,106.22443499929001,Mie Teklie,-6.350287914276123,106.24897003173828,Noodle House
Cikupa,CIBADAK,-6.3405836824577,106.22443499929001,Seafood 21,-6.358,106.2501,Seafood Restaurant
Cikupa,CIBADAK,-6.3405836824577,106.22443499929001,Baso Gudang Bandung,-6.3564934730529785,106.24901580810547,Dumpling Restaurant
Cikupa,CIBADAK,-6.3405836824577,106.22443499929001,kan Bakar Pasar Buah,-6.3589341,106.2356405,Seafood Restaurant
Cikupa,CIBADAK,-6.3405836824577,106.22443499929001,Bakso ikan bang ling,-6.351125100025037,106.24786748892376,Dumpling Restaurant
Cikupa,CIBADAK,-6.3405836824577,106.22443499929001,Santiga Restaurant,-6.351309299468994,106.24785614013672,American Restaurant
Cikupa,CIBADAK,-6.3405836824577,106.22443499929001,Uduk Mamah Engkom,-6.342360496520996,106.20848846435547,Sundanese Restaurant
Cikupa,CIBADAK,-6.3405836824577,106.22443499929001,Mama Resto,-6.34502,106.229669,American Restaurant
Cikupa,CIBADAK,-6.3405836824577,106.22443499929001,Pondok Ikan Bakar Mulya Jaya,-6.350370818807364,106.24887876953127,Seafood Restaurant
Cikupa,CIBADAK,-6.3405836824577,106.22443499929001,RM bu hj.entin.serang,-6.34167,106.20251,Seafood Restaurant
Cikupa,CIBADAK,-6.3405836824577,106.22443499929001,Mie Roda,-6.362265,106.231996,Noodle House
Cikupa,CIBADAK,-6.3405836824577,106.22443499929001,Mie SP (Sadis Pedas),-6.350654,106.249175,Noodle House
Cikupa,CIBADAK,-6.3405836824577,106.22443499929001,Makan with RSJB Ramayana,-6.352359,106.247466,American Restaurant
Cikupa,CIBADAK,-6.3405836824577,106.22443499929001,Cafe Mie Ayam Ceker Koh Ivan,-6.3528571128845215,106.24900817871094,Dumpling Restaurant
Cikupa,CIBADAK,-6.3405836824577,106.22443499929001,Bubur Ayam MaaakNyuuss!,-6.352922392837703,106.2491947957657,Dim Sum Restaurant
Cikupa,CIBADAK,-6.3405836824577,106.22443499929001,Bubur cirebon,-6.351374131176354,106.25151616734841,Dim Sum Restaurant
Cikupa,CIBADAK,-6.3405836824577,106.22443499929001,Angkringan 78,-6.355198000340389,106.24967745497449,Javanese Restaurant
Cikupa,CIBADAK,-6.3405836824577,106.22443499929001,Warteg Berkah,-6.348925091064488,106.24706306480554,Javanese Restaurant
Cikupa,CIBADAK,-6.3405836824577,106.22443499929001,bakso ojolali,-6.350183,106.24951,Javanese Restaurant
Cikupa,CIBADAK,-6.3405836824577,106.22443499929001,Sate Padang Sakina Putri,-6.352611995518084,106.25152765935367,Padangnese Restaurant
Cikupa,CIBADAK,-6.3405836824577,106.22443499929001,nasi kucing samping polsek,-6.35151481628418,106.2468490600586,Javanese Restaurant
Cikupa,CIBADAK,-6.3405836824577,106.22443499929001,BAC Cafe & Resto,-6.354856014251709,106.24809265136719,Javanese Restaurant
Cikupa,CIBADAK,-6.3405836824577,106.22443499929001,Baso Solo Super (Mas Darmin),-6.35348,106.25144,Indonesian Meatball Place
Cikupa,CIBADAK,-6.3405836824577,106.22443499929001,Pondok Penyet,-6.351561546325684,106.24747467041016,Javanese Restaurant
Cikupa,CIBADAK,-6.3405836824577,106.22443499929001,Martabak HOKKY,-6.352908928801846,106.24742505525981,Taco Place
Cikupa,CIBADAK,-6.3405836824577,106.22443499929001,boga sarana,-6.345628261566162,106.2476806640625,Chinese Restaurant
Cikupa,CIBADAK,-6.3405836824577,106.22443499929001,RM Padang si Uda,-6.3551364,106.2486664,Arepa Restaurant
Cikupa,CIBADAK,-6.3405836824577,106.22443499929001,@mie kangkung,-6.352965,106.247463,Chinese Restaurant
Cikupa,CIBADAK,-6.3405836824577,106.22443499929001,MIE AYAM BLANKON,-6.357340966425109,106.24882705619481,Chinese Restaurant
Cikupa,CIKUPA,-6.2171289370242,106.51310500042,Bakso Iyan,-6.212447372064011,106.51875972747803,Indonesian Meatball Place
Cikupa,CIKUPA,-6.2171289370242,106.51310500042,Mie ayam Bakso Mang Udin,-6.24314,106.52304,Dumpling Restaurant
Cikupa,CIKUPA,-6.2171289370242,106.51310500042,Mie Ayam Cincang.,-6.2052998,106.5222173,Noodle House
Cikupa,CIKUPA,-6.2171289370242,106.51310500042,RM. Mpok Dia,-6.225334163695827,106.50852407747709,Sundanese Restaurant
Cikupa,CIKUPA,-6.2171289370242,106.51310500042,Bakmi Ayam Abbah Cab. Cikupa,-6.225883804296157,106.5068038851898,Noodle House
Cikupa,CIKUPA,-6.2171289370242,106.51310500042,Pizza Hut citra raya,-6.225980865808339,106.5106470096617,Pizza Place
Cikupa,CIKUPA,-6.2171289370242,106.51310500042,Mie Ayam I Love You,-6.190583679036267,106.5006078571444,Indonesian Meatball Place
Cikupa,CIKUPA,-6.2171289370242,106.51310500042,Warung sate solo pak udin,-6.223482766514841,106.5061135109513,Javanese Restaurant
Cikupa,CIKUPA,-6.2171289370242,106.51310500042,Ketoprak,-6.200140753104689,106.49235252210944,Mexican Restaurant
Cikupa,CIKUPA,-6.2171289370242,106.51310500042,Pizza Hut Cikupa,-6.225730907389962,106.54392056518745,Pizza Place
Cikupa,CIKUPA,-6.2171289370242,106.51310500042,Citra Kuring,-6.244116,106.509241,Seafood Restaurant
Cikupa,CIKUPA,-6.2171289370242,106.51310500042,Rumah Udang Resto,-6.24691,106.52392,Seafood Restaurant
Cikupa,CIKUPA,-6.2171289370242,106.51310500042,Mie Suki,-6.221212933854546,106.53897782084066,Noodle House
Cikupa,CIKUPA,-6.2171289370242,106.51310500042,Pancious sms mal,-6.230642,106.545283,American Restaurant
Cikupa,CIKUPA,-6.2171289370242,106.51310500042,Mie Ayam A sun,-6.244762290507744,106.52250475423261,Noodle House
Cikupa,CIKUPA,-6.2171289370242,106.51310500042,Angkringan Sego Kucing Citra Raya,-6.241939,106.524122,American Restaurant
Cikupa,CIKUPA,-6.2171289370242,106.51310500042,Grand Kelinci,-6.2378196970378585,106.52343107857847,Noodle House
Cikupa,CIKUPA,-6.2171289370242,106.51310500042,Sea Food 07,-6.237468095759046,106.52255078267599,Seafood Restaurant
Cikupa,CIKUPA,-6.2171289370242,106.51310500042,Seafood Padamangan 168,-6.236340835093498,106.52341957141893,Seafood Restaurant
Cikupa,CIKUPA,-6.2171289370242,106.51310500042,Seafood 14,-6.2218374444837865,106.50439909134839,Seafood Restaurant
Cikupa,CIKUPA,-6.2171289370242,106.51310500042,Mie Ayam I Love You,-6.230259286975592,106.50196555990033,Noodle House
Cikupa,CIKUPA,-6.2171289370242,106.51310500042,Waroeng Maman,-6.228599731819826,106.51922525336789,Spanish Restaurant
Cikupa,CIKUPA,-6.2171289370242,106.51310500042,"Sate Ayam Kambing ""Madurasa""",-6.239722519506198,106.52549662383274,Steakhouse
Cikupa,CIKUPA,-6.2171289370242,106.51310500042,seafood barokah 36,-6.231060537089998,106.50571654678545,Seafood Restaurant
Cikupa,CIKUPA,-6.2171289370242,106.51310500042,Mie Aceh Indra Jaya,-6.237585574046225,106.52356341095822,Noodle House
Cikupa,CIKUPA,-6.2171289370242,106.51310500042,Doctor bakso,-6.245079,106.522963,Indonesian Meatball Place
Cikupa,CIKUPA,-6.2171289370242,106.51310500042,Mie Ayam Bakso Hello Kitty,-6.243312358856201,106.5149154663086,Dim Sum Restaurant
Cikupa,CIKUPA,-6.2171289370242,106.51310500042,"Ayam Coblos, Mardi Grass",-6.246218204498291,106.52531433105469,Buffet
Cikupa,CIKUPA,-6.2171289370242,106.51310500042,Baso Pompi Pasar Cikupa,-6.229387886107524,106.51898936140259,Indonesian Meatball Place
Cikupa,CIKUPA,-6.2171289370242,106.51310500042,Bakmi GK,-6.244274599071975,106.5239661621873,Chinese Restaurant
Cikupa,CIKUPA,-6.2171289370242,106.51310500042,Rumah makan kantin B'FUN,-6.2359635,106.5226159,Arepa Restaurant
Cikupa,CIKUPA,-6.2171289370242,106.51310500042,Facemie,-6.1935678,106.49699,Café
Cikupa,CIKUPA,-6.2171289370242,106.51310500042,Happy Home,-6.197167,106.511773,Chinese Restaurant
Cikupa,CIKUPA,-6.2171289370242,106.51310500042,Rm Wong Kudus Garang Asem,-6.1971921728431365,106.52710189433958,Javanese Restaurant
Cikupa,CIKUPA,-6.2171289370242,106.51310500042,Bebek Gembul Sambel Pelangi,-6.193804,106.499876,Javanese Restaurant
Cikupa,CIKUPA,-6.2171289370242,106.51310500042,Rumah Makan Pincuran Tujuh,-6.1936255,106.49824,Padangnese Restaurant
Cikupa,CIKUPA,-6.2171289370242,106.51310500042,Hansung Pujukkan,-6.231041,106.499065,Korean Restaurant
Cikupa,CIKUPA,-6.2171289370242,106.51310500042,Bakmi Gang Kelinci,-6.244342288414004,106.52399537275457,Chinese Restaurant
Cikupa,CIKUPA,-6.2171289370242,106.51310500042,Kedai Pizza,-6.244194,106.517356,Pizza Place
Cikupa,CIKUPA,-6.2171289370242,106.51310500042,Bakso Mas Boy,-6.245278167073066,106.52394890140465,Dumpling Restaurant
Cikupa,CIKUPA,-6.2171289370242,106.51310500042,Hoka Hoka Bento,-6.230023852187159,106.52088062964867,Japanese Restaurant
Cikupa,CIKUPA,-6.2171289370242,106.51310500042,Warung Tekko,-6.23083823702848,106.52046383434829,Indonesian Restaurant
Cikupa,CIKUPA,-6.2171289370242,106.51310500042,Kwetiaw Bagan Siapi-Api,-6.235173099685483,106.52268648147583,Chinese Restaurant
Cikupa,CIKUPA,-6.2171289370242,106.51310500042,Pizza Hut,-6.231195877946503,106.52081761092164,Pizza Place
Cikupa,CIKUPA,-6.2171289370242,106.51310500042,Pondok Steak Oslo,-6.242977034895476,106.51648662136354,Steakhouse
Cikupa,SUKAMULYA,-6.158934999994202,106.4397349999,Pempek Palembang - Ceplak,-6.15648,106.41162,Indian Restaurant
Cikupa,SUKAMULYA,-6.158934999994202,106.4397349999,Waroeng Bakso Ikan,-6.172256552984579,106.4515523402534,Seafood Restaurant
Cikupa,SUKAMULYA,-6.158934999994202,106.4397349999,Bakso kepala sapi,-6.18804,106.45234,Dumpling Restaurant
Cikupa,SUKAMULYA,-6.158934999994202,106.4397349999,Ketoprak Sentiong,-6.176142669718115,106.45231155490987,Dim Sum Restaurant
Sukamulya,SUKAMULYA,-6.158934999994202,106.4397349999,Pempek Palembang - Ceplak,-6.15648,106.41162,Indian Restaurant
Sukamulya,SUKAMULYA,-6.158934999994202,106.4397349999,Bakso kepala sapi,-6.18804,106.45234,Dumpling Restaurant
Sukamulya,SUKAMULYA,-6.158934999994202,106.4397349999,Waroeng Bakso Ikan,-6.172256552984579,106.4515523402534,Seafood Restaurant
Sukamulya,SUKAMULYA,-6.158934999994202,106.4397349999,Ketoprak Sentiong,-6.176142669718115,106.45231155490987,Dim Sum Restaurant
Sukamulya,BENDA,-6.1259025509929,106.66518416537,Zukavia,-6.119691,106.664235,Buffet
Sukamulya,BENDA,-6.1259025509929,106.66518416537,Holycow! Steakhouse,-6.118432491439845,106.66588561398359,Steakhouse
Sukamulya,BENDA,-6.1259025509929,106.66518416537,A&W,-6.1184235,106.66582,Fast Food Restaurant
Sukamulya,BENDA,-6.1259025509929,106.66518416537,Pizza Express,-6.1186557,106.66582,Pizza Place
Sukamulya,BENDA,-6.1259025509929,106.66518416537,Yoshinoya,-6.117876,106.666719,Japanese Restaurant
Sukamulya,BENDA,-6.1259025509929,106.66518416537,Pepper Lunch,-6.119571555920808,106.66415579778254,Steakhouse
Sukamulya,BENDA,-6.1259025509929,106.66518416537,Gubug Makan Mang Engking,-6.120599,106.673083,Sundanese Restaurant
Sukamulya,BENDA,-6.1259025509929,106.66518416537,Bakerzin,-6.1188227088479925,106.66503513798311,Café
Sukamulya,BENDA,-6.1259025509929,106.66518416537,Afung - Bakso Sapi Asli,-6.122662490081024,106.65399086687856,Noodle House
Sukamulya,BENDA,-6.1259025509929,106.66518416537,Aw Terminal 3 Ultimate,-6.118005,106.667917,New American Restaurant
Sukamulya,BENDA,-6.1259025509929,106.66518416537,Sushi Tora T3 Ultimate,-6.115251396043306,106.67003631591797,Sushi Restaurant
Sukamulya,BENDA,-6.1259025509929,106.66518416537,Paradise Dynasty (Terminal 3),-6.118576957962112,106.66546290413052,Chinese Restaurant
Sukamulya,BENDA,-6.1259025509929,106.66518416537,Yoshinoya,-6.118038,106.666389,Japanese Restaurant
Sukamulya,BENDA,-6.1259025509929,106.66518416537,Bakso A Fung,-6.11783,106.666497,Indonesian Meatball Place
Sukamulya,BENDA,-6.1259025509929,106.66518416537,Bebek Tepi Sawah,-6.119967,106.6733002,Balinese Restaurant
Sukamulya,BENDA,-6.1259025509929,106.66518416537,Imperial Kitchen & Dimsum,-6.122597351666032,106.65237950830713,Dim Sum Restaurant
Sukamulya,BENDA,-6.1259025509929,106.66518416537,"American grills rest, soekarno hatta airport",-6.12263862495134,106.65400238102545,Steakhouse
Sukamulya,BENDA,-6.1259025509929,106.66518416537,Baso Afung Terminal 3 Mezzanine,-6.118069,106.666349,Noodle House
Sukamulya,BENDA,-6.1259025509929,106.66518416537,HokBen Kiosk,-6.118281,106.666094,Japanese Restaurant
Sukamulya,BENDA,-6.1259025509929,106.66518416537,Holycow! Steakhouse,-6.1182055,106.66602,Steakhouse
Sukamulya,BENDA,-6.1259025509929,106.66518416537,Seafood 68,-6.1146321334891285,106.68690079502788,Seafood Restaurant
Sukamulya,BENDA,-6.1259025509929,106.66518416537,Saung Rawalele,-6.1386967,106.6900145,Seafood Restaurant
Sukamulya,BENDA,-6.1259025509929,106.66518416537,Pondok Lesehan RUM,-6.140942268243188,106.63269975120944,Seafood Restaurant
Sukamulya,BENDA,-6.1259025509929,106.66518416537,Marugame Udon,-6.122479858157011,106.65421681035113,Udon Restaurant
Sukamulya,BENDA,-6.1259025509929,106.66518416537,Two Tigers,-6.119364547642697,106.66206459628985,Sushi Restaurant
Sukamulya,BENDA,-6.1259025509929,106.66518416537,Bakmie tenda biru,-6.145509987567372,106.67891467341326,Noodle House
Sukamulya,BENDA,-6.1259025509929,106.66518416537,A&W,-6.117813562842655,106.66866154218198,Fast Food Restaurant
Sukamulya,BENDA,-6.1259025509929,106.66518416537,Ta Wan,-6.1216283,106.65319,Chinese Restaurant
Sukamulya,BENDA,-6.1259025509929,106.66518416537,Fung Shing,-6.122479733886261,106.6492298168181,Chinese Restaurant
Sukamulya,BENDA,-6.1259025509929,106.66518416537,Imperial Tables,-6.1225257,106.652405,Chinese Restaurant
Sukamulya,BENDA,-6.1259025509929,106.66518416537,RM Makan Padang ANDA,-6.114341211237655,106.68562829329476,Indonesian Restaurant
Sukamulya,BENDA,-6.1259025509929,106.66518416537,Bakmi GM,-6.118457055806783,106.66610419750214,Noodle House
Sukamulya,BENDA,-6.1259025509929,106.66518416537,Bumbu Desa Terminal 1C,-6.1309813,106.6532165,Halal Restaurant
Sukamulya,BENDA,-6.1259025509929,106.66518416537,Pizza americans,-6.1300955192786555,106.65290853921732,Pizza Place
Sukamulya,BENDA,-6.1259025509929,106.66518416537,A&W,-6.122670739829613,106.65293682257415,American Restaurant
Sukamulya,BENDA,-6.1259025509929,106.66518416537,HokBen,-6.123498373093438,106.65167072467797,Japanese Restaurant
Sukamulya,BENDA,-6.1259025509929,106.66518416537,Bakmi Macan,-6.109676899999999,106.6439369,Noodle House
Sukamulya,BENDA,-6.1259025509929,106.66518416537,Shaburi Express,-6.118671715227606,106.66522683709302,Japanese Restaurant
Sukamulya,BENDA,-6.1259025509929,106.66518416537,Kakara Steak Q Mall Banjarbaru,-6.12839,106.658445,Steakhouse
Sukamulya,BENDA,-6.1259025509929,106.66518416537,Marugame Udon,-6.118473691863717,106.66556551434228,Udon Restaurant
Sukamulya,BENDA,-6.1259025509929,106.66518416537,Bakmi acong,-6.148528399304013,106.68502227414938,Noodle House
Sukamulya,BENDA,-6.1259025509929,106.66518416537,Gula Aren Cafe & Resto,-6.14524,106.67614,Seafood Restaurant
Sukamulya,BENDA,-6.1259025509929,106.66518416537,McD Buaran,-6.13078175848639,106.65875202098285,American Restaurant
Sukamulya,BENDA,-6.1259025509929,106.66518416537,Seafood si mbak,-6.1300808,106.65711904,Seafood Restaurant
Sukamulya,BENDA,-6.1259025509929,106.66518416537,Hoka Hoka Bento,-6.12347052702957,106.65133280126737,Japanese Restaurant
Sukamulya,BENDA,-6.1259025509929,106.66518416537,Bakmi GM,-6.123237929852013,106.65209352851035,Noodle House
Sukamulya,BENDA,-6.1259025509929,106.66518416537,Chef yang daan mogot baru,-6.131939039533887,106.69630947569571,Chinese Restaurant
Sukamulya,BENDA,-6.1259025509929,106.66518416537,Thai Extreme Mall Taman Anggrek,-6.113370224617442,106.68504098729285,Chinese Restaurant
Sukamulya,BENDA,-6.1259025509929,106.66518416537,Rumah Makan Lembur Kuring,-6.11230741335705,106.68635723643884,Seafood Restaurant
Sukamulya,BENDA,-6.1259025509929,106.66518416537,Bukit Randu Restaurant,-6.110063867259585,106.68691537444677,Seafood Restaurant
Cisauk,CISAUK,-6.3275231475160005,106.62497834976,BAKSO GM (GOYANG MANTAP),-6.32627,106.618356,Noodle House
Cisauk,CISAUK,-6.3275231475160005,106.62497834976,La Vera Pizza,-6.3159165,106.65225,Pizza Place
Cisauk,CISAUK,-6.3275231475160005,106.62497834976,Pizza Hut Restaurant,-6.331897258758545,106.5975112915039,Pizza Place
Cisauk,CISAUK,-6.3275231475160005,106.62497834976,Mie Ayam Suradita,-6.3247558,106.6410086,Noodle House
Cisauk,CISAUK,-6.3275231475160005,106.62497834976,mie ayam teh mul,-6.327813148498535,106.6296157836914,Noodle House
Cisauk,CISAUK,-6.3275231475160005,106.62497834976,Ayam Bakar Sambal Setan,-6.323856353759766,106.64541625976562,Javanese Restaurant
Cisauk,CISAUK,-6.3275231475160005,106.62497834976,Lau kopitiam,-6.303793265414212,106.64047942821307,Chinese Restaurant
Cisauk,CISAUK,-6.3275231475160005,106.62497834976,chicken village,-6.338036064894157,106.63043994289511,Chinese Restaurant
Cisauk,CISAUK,-6.3275231475160005,106.62497834976,Mercato,-6.31438,106.652132,Italian Restaurant
Cisauk,CISAUK,-6.3275231475160005,106.62497834976,That's Amore,-6.314477,106.65183,Italian Restaurant
Cisauk,CISAUK,-6.3275231475160005,106.62497834976,White Blue Green Cafe,-6.311087,106.650541,Dumpling Restaurant
Cisauk,CISAUK,-6.3275231475160005,106.62497834976,Rumah Ikan Serok Mevvah,-6.345174,106.652201,Betawinese Restaurant
Cisauk,CISAUK,-6.3275231475160005,106.62497834976,Jamur Ed's Factory,-6.325261,106.6522,Dumpling Restaurant
Cisauk,CISAUK,-6.3275231475160005,106.62497834976,Sea Food 212,-6.336387129430419,106.64169409926168,Seafood Restaurant
Cisauk,CISAUK,-6.3275231475160005,106.62497834976,Ruang makan LL KSEI KPEI,-6.325199568477008,106.63987497358696,Cafeteria
Cisauk,CISAUK,-6.3275231475160005,106.62497834976,Taman Hati,-6.311043,106.650575,Latin American Restaurant
Cisauk,CISAUK,-6.3275231475160005,106.62497834976,Bakso Bakwan Rudal Ranco,-6.3043012008175285,106.62681916457323,Noodle House
Cisauk,CISAUK,-6.3275231475160005,106.62497834976,Kopi Platinum,-6.3174175876880465,106.6071218103652,American Restaurant
Cisauk,CISAUK,-6.3275231475160005,106.62497834976,Cafe Pukul Rata,-6.311338,106.650457,French Restaurant
Cisauk,CISAUK,-6.3275231475160005,106.62497834976,Pizza hut ampera,-6.314177525779007,106.64366867379769,Pizza Place
Cisauk,CISAUK,-6.3275231475160005,106.62497834976,Mum Mum Grill & Shabu Shabu,-6.3135614,106.65094,Shabu-Shabu Restaurant
Cisauk,CISAUK,-6.3275231475160005,106.62497834976,Imoto Izakaya,-6.3205624,106.64357,Japanese Restaurant
Cisauk,CISAUK,-6.3275231475160005,106.62497834976,Hoka Hoka Bangsat,-6.311077,106.650454,South American Restaurant
Cisauk,CISAUK,-6.3275231475160005,106.62497834976,Martabak Kubang Kawan Lamo,-6.311315534762091,106.65059997532971,Padangnese Restaurant
Cisauk,CISAUK,-6.3275231475160005,106.62497834976,Jembut Bakar Cafe,-6.311122,106.650638,Malay Restaurant
Cisauk,CISAUK,-6.3275231475160005,106.62497834976,Warteg bahari 24 Jam Nonstop,-6.340110031740571,106.63921295378364,Javanese Restaurant
Cisauk,CISAUK,-6.3275231475160005,106.62497834976,Andy Lau Center,-6.311055,106.650731,Australian Restaurant
Cisauk,CISAUK,-6.3275231475160005,106.62497834976,Rumah Makan Horizon,-6.3115039297993,106.65131959985098,Chinese Restaurant
Cisauk,CISAUK,-6.3275231475160005,106.62497834976,Nasi Gudeg & Liwet Cah Solo,-6.3202333,106.64341,Javanese Restaurant
Cisauk,CISAUK,-6.3275231475160005,106.62497834976,Pondok sate remaja,-6.295668709349578,106.62833884794809,Satay Restaurant
Cisauk,CISAUK,-6.3275231475160005,106.62497834976,Pecel Pincuk Ibu Ida,-6.321497,106.64254,Javanese Restaurant
Cisauk,CISAUK,-6.3275231475160005,106.62497834976,camoe camoe,-6.313371,106.651283,Bistro
Cisauk,CISAUK,-6.3275231475160005,106.62497834976,RM Salero Denai,-6.319107,106.64355,Padangnese Restaurant
Cisauk,CISAUK,-6.3275231475160005,106.62497834976,Umaiya Japanese Restaurant,-6.3129187,106.6507964,Ramen Restaurant
Cisauk,CISAUK,-6.3275231475160005,106.62497834976,Bakwan Malang Arema King,-6.315473,106.648093,Javanese Restaurant
Cisauk,CISAUK,-6.3275231475160005,106.62497834976,Rumah Makan Aroma,-6.3154254,106.647934,Chinese Restaurant
Cisauk,CISAUK,-6.3275231475160005,106.62497834976,Sera,-6.313629,106.650525,Chinese Restaurant
Cisauk,CISAUK,-6.3275231475160005,106.62497834976,SALE The Italian Kitchen,-6.3154064,106.6522033,Italian Restaurant
Cisauk,CISAUK,-6.3275231475160005,106.62497834976,Soto Betawi Bang Hadji,-6.3329463,106.63914,Betawinese Restaurant
Cisauk,CISAUK,-6.3275231475160005,106.62497834976,Homemade by Tyatyo,-6.314549,106.651858,Bistro
Cisauk,CISAUK,-6.3275231475160005,106.62497834976,Menya Sakura,-6.3052716,106.64294,Ramen Restaurant
Cisauk,CISAUK,-6.3275231475160005,106.62497834976,"Rumah Makan ""Sera"" Seafood & Chinese Food",-6.31352740261503,106.65034666806426,Seafood Restaurant
Cisauk,CISAUK,-6.3275231475160005,106.62497834976,Mie Aceh Jaly-Jaly Serpong Garden,-6.3348319,106.6383467,Noodle House
Cisauk,CISAUK,-6.3275231475160005,106.62497834976,Sate & Sop Kambing Serpong Garden,-6.334706,106.63833,Satay Restaurant
Cisauk,CISAUK,-6.3275231475160005,106.62497834976,Sate Betawi Mpok Lela,-6.332766,106.639085,Satay Restaurant
Cisauk,CISAUK,-6.3275231475160005,106.62497834976,Sate Padang Barokah,-6.333588,106.638749,Satay Restaurant
Cisoka,CISOKA,-6.257710000004599,106.41732624458,"Sate Ayam / Kambing ""Apana Sobbi""",-6.2633705062428895,106.4239981690944,Steakhouse
Cisoka,CISOKA,-6.257710000004599,106.41732624458,Soto ayam H.minong,-6.26793,106.42031,Sundanese Restaurant
Cisoka,CISOKA,-6.257710000004599,106.41732624458,Bakso dan Mie ayam arema Bukit Gading,-6.23036310755945,106.43387837331565,Indonesian Meatball Place
Jambe,JAMBE,-6.3215575645314015,106.50056895601999,Lesehan Bambu Hijau,-6.306768880544426,106.48896418897846,Sundanese Restaurant
Jambe,JAMBE,-6.3215575645314015,106.50056895601999,Warung Pecel,-6.302602767944336,106.49749755859375,Noodle House
Jambe,JAMBE,-6.3215575645314015,106.50056895601999,SauNg Lele Jambe - Tipar Raya,-6.311324119567871,106.47862243652344,Seafood Restaurant
Jambe,JAMBE,-6.3215575645314015,106.50056895601999,Rumah Singgah Bu Adhe  [Erro1818],-6.30182,106.509155,Indonesian Meatball Place
Jayanti,CIKANDE,-6.1941639670043,106.35211120757,Restaurant Fajar Center,-6.206632,106.35165,Chinese Restaurant
Jayanti,CIKANDE,-6.1941639670043,106.35211120757,Bakso Tenis 1 Modern,-6.18621044656748,106.3415588464778,Noodle House
Jayanti,CIKANDE,-6.1941639670043,106.35211120757,Sate Ayam Cikande,-6.208823442579418,106.37154550879426,Middle Eastern Restaurant
Jayanti,CIKANDE,-6.1941639670043,106.35211120757,Bakso Irfan 2,-6.206542962664422,106.35866726393162,Noodle House
Jayanti,CIKANDE,-6.1941639670043,106.35211120757,Warung Sate Madura,-6.215911872178182,106.34819278761826,Steakhouse
Jayanti,CIKANDE,-6.1941639670043,106.35211120757,Baso Arema,-6.208559038536798,106.3766625353992,Noodle House
Jayanti,CIKANDE,-6.1941639670043,106.35211120757,Bakso Top 67 - Puri Teratai residence,-6.216482929092894,106.34847447618705,Noodle House
Jayanti,CIKANDE,-6.1941639670043,106.35211120757,Warung Ki Suro Kumis 2,-6.216022272127035,106.34826752128242,Noodle House
Jayanti,CIKANDE,-6.1941639670043,106.35211120757,Baso Narto Cikande Permai,-6.215865135192871,106.35066223144531,Dumpling Restaurant
Jayanti,CIKANDE,-6.1941639670043,106.35211120757,Sate Padang Terminal,-6.219592,106.345999,Padangnese Restaurant
Jayanti,CIKANDE,-6.1941639670043,106.35211120757,Canteen Korea,-6.180700430577176,106.34082303264007,Korean Restaurant
Jayanti,CIKANDE,-6.1941639670043,106.35211120757,D'Kebab,-6.21579,106.3489,Burrito Place
Jayanti,CIKANDE,-6.1941639670043,106.35211120757,Kantin,-6.214192681741314,106.3497564515073,Chinese Restaurant
Jayanti,CIKANDE,-6.1941639670043,106.35211120757,kebab buah si babah,-6.204948471984839,106.3651637776142,Burrito Place
Jayanti,CIKANDE,-6.1941639670043,106.35211120757,Grand Chinese Food,-6.1845637281874515,106.34074255316224,Chinese Restaurant
Jayanti,JAYANTI,-6.2093999999762,106.39759903611,Bakso bakwan,-6.206258889463961,106.38229716124745,Noodle House
Jayanti,JAYANTI,-6.2093999999762,106.39759903611,Mie Ayam Pa'ino,-6.223376856298574,106.41651644097772,Noodle House
Jayanti,JAYANTI,-6.2093999999762,106.39759903611,Sate Ayam Cikande,-6.208823442579418,106.37154550879426,Middle Eastern Restaurant
Jayanti,JAYANTI,-6.2093999999762,106.39759903611,CFC Rest Area,-6.193618135292382,106.42486655007052,American Restaurant
Jayanti,JAYANTI,-6.2093999999762,106.39759903611,Baso Arema,-6.208559038536798,106.3766625353992,Noodle House
Jayanti,JAYANTI,-6.2093999999762,106.39759903611,rumah makan mudiak padang,-6.217085361480713,106.41087341308594,Padangnese Restaurant
Jayanti,JAYANTI,-6.2093999999762,106.39759903611,Bakso Tam Tam,-6.2173615,106.4116,Indonesian Meatball Place
Jayanti,PABUARAN,-6.1985850000082,106.09358549563999,Saung Dolet,-6.199252,106.09733,Malay Restaurant
Kelapa Dua,KELAPA DUA,-6.2392715835324,106.61373000056999,bakmie bangka asoka 57,-6.243262,106.618844,Noodle House
Kelapa Dua,KELAPA DUA,-6.2392715835324,106.61373000056999,al gusto Italian Dining & Bar,-6.255871,106.620754,Italian Restaurant
Kelapa Dua,KELAPA DUA,-6.2392715835324,106.61373000056999,Tea Garden,-6.230193619758022,106.63355166993139,Chinese Restaurant
Kelapa Dua,KELAPA DUA,-6.2392715835324,106.61373000056999,Sushi Go!,-6.241888,106.62743,Japanese Restaurant
Kelapa Dua,KELAPA DUA,-6.2392715835324,106.61373000056999,Bakmi Medan Kebon Jahe,-6.2427029466468795,106.62415264872261,Noodle House
Kelapa Dua,KELAPA DUA,-6.2392715835324,106.61373000056999,Dermaga Seafood,-6.232534146473921,106.63176128979318,Seafood Restaurant
Kelapa Dua,KELAPA DUA,-6.2392715835324,106.61373000056999,Bakmi Karet Surya,-6.232154563235262,106.63134671493822,Noodle House
Kelapa Dua,KELAPA DUA,-6.2392715835324,106.61373000056999,Ayam Goreng Karawaci,-6.220943600825947,106.61679189363066,Halal Restaurant
Kelapa Dua,KELAPA DUA,-6.2392715835324,106.61373000056999,Bakmie 88,-6.233117117514522,106.63415407750924,Noodle House
Kelapa Dua,KELAPA DUA,-6.2392715835324,106.61373000056999,Sate Pasar Lama Tangerang,-6.233577464605337,106.63247524925606,BBQ Joint
Kelapa Dua,KELAPA DUA,-6.2392715835324,106.61373000056999,San Jung Korean BBQ | 산정 | 山亭,-6.229615310063906,106.60837733525757,Korean Restaurant
Kelapa Dua,KELAPA DUA,-6.2392715835324,106.61373000056999,Wing Heng Hong Kong Dimsum,-6.231988,106.633363,Dim Sum Restaurant
Kelapa Dua,KELAPA DUA,-6.2392715835324,106.61373000056999,Bornga 본가,-6.233981310006482,106.63240458278312,Korean Restaurant
Kelapa Dua,KELAPA DUA,-6.2392715835324,106.61373000056999,Nasi Campur ATEK,-6.234779646273128,106.63203056619562,Chinese Restaurant
Kelapa Dua,KELAPA DUA,-6.2392715835324,106.61373000056999,Kwetiaw Goreng AKANG Medan,-6.233154496420429,106.6326813933212,Chinese Restaurant
Kelapa Dua,KELAPA DUA,-6.2392715835324,106.61373000056999,B'Steak Grill & Pancake,-6.239805037224169,106.63737435171565,Steakhouse
Kelapa Dua,KELAPA DUA,-6.2392715835324,106.61373000056999,Taman Santap Rumah Kayu,-6.239067925712864,106.63777160757368,Seafood Restaurant
Kelapa Dua,KELAPA DUA,-6.2392715835324,106.61373000056999,Myeong-ga Myeon-ok,-6.223488231752726,106.6206200397229,Korean Restaurant
Kelapa Dua,KELAPA DUA,-6.2392715835324,106.61373000056999,Domino's Pizza,-6.22190450098676,106.61946842245426,Pizza Place
Kelapa Dua,KELAPA DUA,-6.2392715835324,106.61373000056999,Chin-Ma-Ya,-6.250472350684795,106.62513128364411,Noodle House
Kelapa Dua,KELAPA DUA,-6.2392715835324,106.61373000056999,Royal Eight Empress,-6.255562,106.620746,Chinese Restaurant
Kelapa Dua,KELAPA DUA,-6.2392715835324,106.61373000056999,Clique Kitchen & Bar,-6.245897405897497,106.62762390467817,Italian Restaurant
Kelapa Dua,KELAPA DUA,-6.2392715835324,106.61373000056999,Bakmi Ationg,-6.262455161813115,106.61947417861509,Noodle House
Kelapa Dua,KELAPA DUA,-6.2392715835324,106.61373000056999,Kimukatsu,-6.240675,106.628489,Japanese Restaurant
Kelapa Dua,KELAPA DUA,-6.2392715835324,106.61373000056999,Pangsit Mie Palu,-6.233467,106.634346,Noodle House
Kelapa Dua,KELAPA DUA,-6.2392715835324,106.61373000056999,Pizza Pedia,-6.26051,106.63627,Pizza Place
Kelapa Dua,KELAPA DUA,-6.2392715835324,106.61373000056999,Bakso Solo Samrat Gading Serpong,-6.2363993,106.6312487,Indonesian Meatball Place
Kelapa Dua,KELAPA DUA,-6.2392715835324,106.61373000056999,Pencel Pincuk Ibu Ida,-6.243182,106.629631,Javanese Restaurant
Kelapa Dua,KELAPA DUA,-6.2392715835324,106.61373000056999,Sawarna Seafood,-6.232901,106.632115,Seafood Restaurant
Kelapa Dua,KELAPA DUA,-6.2392715835324,106.61373000056999,Bakmie Lahap,-6.243352,106.61964,Noodle House
Kelapa Dua,KELAPA DUA,-6.2392715835324,106.61373000056999,Domino's Pizza,-6.2594,106.634,Pizza Place
Kelapa Dua,KELAPA DUA,-6.2392715835324,106.61373000056999,Singapore Koo Kee Restaurant (Summarecon Mall Serpong),-6.2425146,106.62782,Chinese Restaurant
Kelapa Dua,KELAPA DUA,-6.2392715835324,106.61373000056999,"Sate Babi Sayur Bakut & Bacang ""Ko Encung""",-6.233075364275963,106.63240688733501,Satay Restaurant
Kelapa Dua,KELAPA DUA,-6.2392715835324,106.61373000056999,Tang's chinese cuisine,-6.229209845566662,106.60755361581454,Chinese Restaurant
Kelapa Dua,KELAPA DUA,-6.2392715835324,106.61373000056999,Royal Eight,-6.255776,106.62071,Chinese Restaurant
Kelapa Dua,KELAPA DUA,-6.2392715835324,106.61373000056999,Bumbu Pekalongan,-6.246103171276073,106.63745141526714,Javanese Restaurant
Kelapa Dua,KELAPA DUA,-6.2392715835324,106.61373000056999,Sushi Tei,-6.2262437088134215,106.60715585072676,Sushi Restaurant
Kelapa Dua,KELAPA DUA,-6.2392715835324,106.61373000056999,Sushi Tei,-6.241181815601501,106.62840100542121,Sushi Restaurant
Kelapa Dua,KELAPA DUA,-6.2392715835324,106.61373000056999,Shao Kao Gading Serpong,-6.2307172,106.6334779,Satay Restaurant
Kelapa Dua,KELAPA DUA,-6.2392715835324,106.61373000056999,Restoran Indah Jaya Minang Gading Serpong,-6.2371215,106.6311566,Padangnese Restaurant
Kelapa Dua,KELAPA DUA,-6.2392715835324,106.61373000056999,Huang He Express Chinese Food Restaurant,-6.2321916,106.63358,Chinese Restaurant
Kelapa Dua,KELAPA DUA,-6.2392715835324,106.61373000056999,무궁화 (Mu Gung Hwa) - KoreanMart,-6.222660749795261,106.61815720254738,Grocery Store
Kelapa Dua,KELAPA DUA,-6.2392715835324,106.61373000056999,Eastern Kopi TM,-6.2406660835541805,106.62876683943364,Chinese Restaurant
Kelapa Dua,KELAPA DUA,-6.2392715835324,106.61373000056999,Pizza é Birra,-6.228348107291308,106.60695879357351,Pizza Place
Kelapa Dua,KELAPA DUA,-6.2392715835324,106.61373000056999,RM. Padang Uda Juo,-6.222697855140164,106.60362286863692,Padangnese Restaurant
Kelapa Dua,KELAPA DUA,-6.2392715835324,106.61373000056999,Bakso Jawir,-6.22917091127275,106.6358528660157,Indonesian Meatball Place
Kelapa Dua,KELAPA DUA,-6.2392715835324,106.61373000056999,Waroeng SS,-6.23205622648826,106.5878430242222,Indonesian Restaurant
Kelapa Dua,KELAPA DUA,-6.2392715835324,106.61373000056999,KOI Teppanyaki,-6.239956564768511,106.62894576599737,Japanese Restaurant
Kelapa Dua,KELAPA DUA,-6.2392715835324,106.61373000056999,Chuan Tin Restaurant,-6.227690573574713,106.60609371362068,Chinese Restaurant
Kelapa Dua,KELAPA DUA,-6.2392715835324,106.61373000056999,Mie Aceh Kelapa Dua,-6.2360049072064445,106.62078658728137,Noodle House
Kemiri,KEMIRI,-6.0904671059824,106.46648499969,Baso Mas Jo,-6.0910449,106.458256,Dumpling Restaurant
Kemiri,KEMIRI,-6.0904671059824,106.46648499969,Rm Aneka Rasa,-6.075967,106.44682,Sundanese Restaurant
Kresek,KRESEK,-6.1485550000273,106.40231444397,Pempek Palembang - Ceplak,-6.15648,106.41162,Indian Restaurant
Kresek,KRESEK,-6.1485550000273,106.40231444397,Nongkrong di warung mpok Romlah,-6.138730525970459,106.39472198486328,Buffet
Kronjo,KRONJO,-6.0763790365096,106.42884456966999,Pizza Hut,-6.061804615499203,106.42772475677997,Pizza Place
Kronjo,KRONJO,-6.0763790365096,106.42884456966999,Baso lesehan Mas Aris,-6.065665275775674,106.43231407224067,Dumpling Restaurant
Kronjo,KRONJO,-6.0763790365096,106.42884456966999,starbuck Coffe @Jb,-6.060485074566513,106.42423395429867,American Restaurant
Kronjo,KRONJO,-6.0763790365096,106.42884456966999,Nasi Goreng Mang Edy,-6.0604761715238915,106.42426845947294,Eastern European Restaurant
Kronjo,KRONJO,-6.0763790365096,106.42884456966999,Rm Aneka Rasa,-6.075967,106.44682,Sundanese Restaurant
Kronjo,KRONJO,-6.0763790365096,106.42884456966999,Mie Ayam Bang Kuja,-6.056788361981436,106.42457199743886,Noodle House
Kronjo,KRONJO,-6.0763790365096,106.42884456966999,Mi Ayam Saputra Kronjo,-6.061708482170515,106.42772475677997,Noodle House
Kronjo,KRONJO,-6.0763790365096,106.42884456966999,Starbucks Lippo Karawaci,-6.057140865062537,106.42619884141011,Paella Restaurant
Kronjo,KRONJO,-6.0763790365096,106.42884456966999,Pecel Lele Maman,-6.062635299916133,106.42350912094115,Seafood Restaurant
Kronjo,KRONJO,-6.0763790365096,106.42884456966999,Nasi Uduk Bi Indun,-6.059652,106.429373,Brazilian Restaurant
Legok,LEGOK,-6.3032326145181,106.55739500031,Mie Ayam Ayu,-6.283095,106.555418,Noodle House
Legok,LEGOK,-6.3032326145181,106.55739500031,Hhoji,-6.31615,106.58344,Eastern European Restaurant
Legok,LEGOK,-6.3032326145181,106.55739500031,Land high resto,-6.31602,106.58364,Italian Restaurant
Legok,LEGOK,-6.3032326145181,106.55739500031,Dennyc,-6.31619,106.58364,Italian Restaurant
Legok,LEGOK,-6.3032326145181,106.55739500031,Minert,-6.31631,106.58359,Indian Restaurant
Legok,LEGOK,-6.3032326145181,106.55739500031,Roams,-6.31624,106.58347,Italian Restaurant
Legok,LEGOK,-6.3032326145181,106.55739500031,Seafood 21 - Cirendeu-Tangerang,-6.314150663412754,106.57771727407003,Seafood Restaurant
Legok,LEGOK,-6.3032326145181,106.55739500031,Saladyst,-6.316199711170628,106.58351843775638,Paella Restaurant
Legok,LEGOK,-6.3032326145181,106.55739500031,Mie Jessy-Curug,-6.268273458249612,106.55720152190673,Noodle House
Legok,LEGOK,-6.3032326145181,106.55739500031,Jemrads,-6.31624,106.58347,French Restaurant
Legok,LEGOK,-6.3032326145181,106.55739500031,Mie Ayam Bakso BasKit Mantep,-6.28342,106.57008,Noodle House
Legok,LEGOK,-6.3032326145181,106.55739500031,Bakso Doa Ibu 99 Wonogiri,-6.277708379036887,106.56937837627126,Noodle House
Legok,LEGOK,-6.3032326145181,106.55739500031,Kailsoams,-6.31624,106.58347,Pizza Place
Legok,LEGOK,-6.3032326145181,106.55739500031,Vunater,-6.31624,106.58347,Sushi Restaurant
Legok,LEGOK,-6.3032326145181,106.55739500031,Ceres bake,-6.31624,106.58347,Mexican Restaurant
Legok,LEGOK,-6.3032326145181,106.55739500031,Dallemm,-6.31633,106.58352,Paella Restaurant
Legok,LEGOK,-6.3032326145181,106.55739500031,Bensew resto,-6.31618,106.58345,French Restaurant
Legok,LEGOK,-6.3032326145181,106.55739500031,Losemrawe,-6.31617,106.58365,French Restaurant
Legok,LEGOK,-6.3032326145181,106.55739500031,Cecew resto,-6.31618,106.58345,Paella Restaurant
Legok,LEGOK,-6.3032326145181,106.55739500031,RM. Barokah 131,-6.280849933624268,106.55451202392578,Sundanese Restaurant
Legok,LEGOK,-6.3032326145181,106.55739500031,Lemhratews,-6.31615,106.58346,Pizza Place
Legok,LEGOK,-6.3032326145181,106.55739500031,surabaya Jauh,-6.298408508300781,106.59315490722656,American Restaurant
Legok,LEGOK,-6.3032326145181,106.55739500031,P sukro,-6.268156,106.558019,American Restaurant
Legok,LEGOK,-6.3032326145181,106.55739500031,Jiscaeser,-6.31613,106.58358,Noodle House
Legok,LEGOK,-6.3032326145181,106.55739500031,Bakso kita,-6.309675,106.586327,Noodle House
Legok,LEGOK,-6.3032326145181,106.55739500031,Scuute,-6.31611,106.58351,Mexican Restaurant
Legok,LEGOK,-6.3032326145181,106.55739500031,Seokills,-6.31619,106.58364,Argentinian Restaurant
Legok,LEGOK,-6.3032326145181,106.55739500031,Warung Soto,-6.290519714355469,106.53624725341797,Betawinese Restaurant
Legok,LEGOK,-6.3032326145181,106.55739500031,Pondok Sate Bpk. Amir,-6.283084455139789,106.55422071527866,Steakhouse
Legok,LEGOK,-6.3032326145181,106.55739500031,Voltage bread,-6.31615,106.58349,Mexican Restaurant
Legok,LEGOK,-6.3032326145181,106.55739500031,Fermenty,-6.316179700542933,106.58351843775638,Noodle House
Legok,LEGOK,-6.3032326145181,106.55739500031,Doex Mie Tiaw,-6.296972907568134,106.58689676702107,Halal Restaurant
Legok,LEGOK,-6.3032326145181,106.55739500031,Vintadeter,-6.31611,106.58357,Dumpling Restaurant
Legok,LEGOK,-6.3032326145181,106.55739500031,Kellyst,-6.3161,106.58349,Thai Restaurant
Legok,LEGOK,-6.3032326145181,106.55739500031,Hanassal,-6.3161,106.58348,Dim Sum Restaurant
Legok,LEGOK,-6.3032326145181,106.55739500031,Laopas,-6.31613,106.58356,Taco Place
Legok,LEGOK,-6.3032326145181,106.55739500031,Vangoshy,-6.31613,106.58356,Peruvian Restaurant
Legok,LEGOK,-6.3032326145181,106.55739500031,Cuper sake,-6.31617,106.58377,Dim Sum Restaurant
Legok,LEGOK,-6.3032326145181,106.55739500031,Voddage,-6.3162389827990735,106.5835414585596,Dim Sum Restaurant
Legok,LEGOK,-6.3032326145181,106.55739500031,Breakin floor,-6.316178388672279,106.58355872416362,Korean Restaurant
Legok,LEGOK,-6.3032326145181,106.55739500031,Vonaters,-6.31619,106.58364,Chinese Restaurant
Legok,LEGOK,-6.3032326145181,106.55739500031,Hindfars,-6.31624,106.58347,Vegetarian / Vegan Restaurant
Legok,LEGOK,-6.3032326145181,106.55739500031,Oray taneh,-6.30153,106.52627,Chinese Restaurant
Legok,LEGOK,-6.3032326145181,106.55739500031,Bounty court,-6.31617,106.58351,Burrito Place
Legok,LEGOK,-6.3032326145181,106.55739500031,Cakesrey,-6.31633,106.58352,Vegetarian / Vegan Restaurant
Pagedangan,PAGEDANGAN,-6.2971787900008,106.61577412602,Pondok sate remaja,-6.295668709349578,106.62833884794809,Satay Restaurant
Pagedangan,PAGEDANGAN,-6.2971787900008,106.61577412602,Sushi & Sashimi,-6.304544314499836,106.64288862002063,Sushi Restaurant
Pagedangan,PAGEDANGAN,-6.2971787900008,106.61577412602,Wang Fu Dimsum,-6.282284,106.637056,Dim Sum Restaurant
Pagedangan,PAGEDANGAN,-6.2971787900008,106.61577412602,Soto Betawi H. Mamat,-6.304597375339483,106.64380431175232,Betawinese Restaurant
Pagedangan,PAGEDANGAN,-6.2971787900008,106.61577412602,Sushi & Bento,-6.3046666910075055,106.64290308952332,Sushi Restaurant
Pagedangan,PAGEDANGAN,-6.2971787900008,106.61577412602,Pizza Express,-6.304170334911127,106.6435991965407,Pizza Place
Pagedangan,PAGEDANGAN,-6.2971787900008,106.61577412602,Sapo Oriental,-6.2844308,106.6372951,Chinese Restaurant
Pagedangan,PAGEDANGAN,-6.2971787900008,106.61577412602,Uchino Shokudo,-6.303951756345926,106.64442262119006,Japanese Restaurant
Pagedangan,PAGEDANGAN,-6.2971787900008,106.61577412602,Bakmi GM,-6.304781894427779,106.6432062692514,Noodle House
Pagedangan,PAGEDANGAN,-6.2971787900008,106.61577412602,Sukiya Gyudon,-6.304866328694685,106.6432321067764,Japanese Restaurant
Pagedangan,PAGEDANGAN,-6.2971787900008,106.61577412602,Imperial Kitchen & Dimsum,-6.30473723741337,106.64376959556266,Chinese Restaurant
Pagedangan,PAGEDANGAN,-6.2971787900008,106.61577412602,Ichiro,-6.304896226931299,106.64301025337856,Ramen Restaurant
Pagedangan,PAGEDANGAN,-6.2971787900008,106.61577412602,Land high resto,-6.31602,106.58364,Italian Restaurant
Pagedangan,PAGEDANGAN,-6.2971787900008,106.61577412602,Roams,-6.31624,106.58347,Italian Restaurant
Pagedangan,PAGEDANGAN,-6.2971787900008,106.61577412602,Motomoto,-6.283231,106.637138,Italian Restaurant
Pagedangan,PAGEDANGAN,-6.2971787900008,106.61577412602,Bakso Bakwan Rudal Ranco,-6.3043012008175285,106.62681916457323,Noodle House
Pagedangan,PAGEDANGAN,-6.2971787900008,106.61577412602,Seokills,-6.31619,106.58364,Argentinian Restaurant
Pagedangan,PAGEDANGAN,-6.2971787900008,106.61577412602,budi punya bakso,-6.2650464,106.6133113,Dumpling Restaurant
Pagedangan,PAGEDANGAN,-6.2971787900008,106.61577412602,Toyofuku,-6.303586965126948,106.64402693510056,Dumpling Restaurant
Pagedangan,PAGEDANGAN,-6.2971787900008,106.61577412602,Yoshinoya,-6.3034146,106.6445581,Japanese Restaurant
Pagedangan,PAGEDANGAN,-6.2971787900008,106.61577412602,Hygge Signature,-6.301223,106.648302,Bistro
Pagedangan,PAGEDANGAN,-6.2971787900008,106.61577412602,Sushi Mentai,-6.266929,106.61756,Sushi Restaurant
Pagedangan,PAGEDANGAN,-6.2971787900008,106.61577412602,Maison Tatsuya,-6.3041416625504025,106.64374719458111,Steakhouse
Pagedangan,PAGEDANGAN,-6.2971787900008,106.61577412602,Kellyst,-6.3161,106.58349,Thai Restaurant
Pagedangan,PAGEDANGAN,-6.2971787900008,106.61577412602,Hanassal,-6.3161,106.58348,Dim Sum Restaurant
Pagedangan,PAGEDANGAN,-6.2971787900008,106.61577412602,Thai I Love You,-6.304091144087832,106.64404430554362,Thai Restaurant
Pagedangan,PAGEDANGAN,-6.2971787900008,106.61577412602,Moon City Restaurant,-6.289088411640713,106.64562599570436,Chinese Restaurant
Pagedangan,PAGEDANGAN,-6.2971787900008,106.61577412602,Hindfars,-6.31624,106.58347,Vegetarian / Vegan Restaurant
Pagedangan,PAGEDANGAN,-6.2971787900008,106.61577412602,Ichiro Ramen,-6.284494,106.637583,Ramen Restaurant
Pagedangan,PAGEDANGAN,-6.2971787900008,106.61577412602,Penang Restaurant,-6.28282,106.635956,Malay Restaurant
Pagedangan,PAGEDANGAN,-6.2971787900008,106.61577412602,Flowsome Bistro Q-Big,-6.284818,106.637188,Bistro
Pagedangan,PAGEDANGAN,-6.2971787900008,106.61577412602,大戸屋 Ootoya,-6.3041169682647595,106.64405251746939,Japanese Restaurant
Pagedangan,PAGEDANGAN,-6.2971787900008,106.61577412602,Yoshinoya (吉野家),-6.304668,106.643486,Japanese Restaurant
Pagedangan,PAGEDANGAN,-6.2971787900008,106.61577412602,Sea Food Dooson,-6.285917420357942,106.59272695591096,Seafood Restaurant
Pagedangan,PAGEDANGAN,-6.2971787900008,106.61577412602,Nissin Ramen Bar,-6.304966,106.64286,Noodle House
Pagedangan,PAGEDANGAN,-6.2971787900008,106.61577412602,Hitsumabushi & Chanko Edosawa,-6.303477659418675,106.64441049098969,Japanese Restaurant
Pagedangan,PAGEDANGAN,-6.2971787900008,106.61577412602,Zenbu House Of Mozaru,-6.304013,106.643925,Korean Restaurant
Pagedangan,PAGEDANGAN,-6.2971787900008,106.61577412602,Ta Wan,-6.304714336631689,106.64363615852793,Chinese Restaurant
Pagedangan,PAGEDANGAN,-6.2971787900008,106.61577412602,Sate Mak Syukur,-6.3046737462594,106.64389318923932,Padangnese Restaurant
Pagedangan,PAGEDANGAN,-6.2971787900008,106.61577412602,Ten Ten Ramen,-6.2847967,106.63672,Ramen Restaurant
Pagedangan,PAGEDANGAN,-6.2971787900008,106.61577412602,Ikan Bakar Poco Poco : Q BIG BSD,-6.283495,106.637506,Manadonese Restaurant
Pagedangan,PAGEDANGAN,-6.2971787900008,106.61577412602,Sate Khas Senayan,-6.303881838778854,106.64445935002492,Satay Restaurant
Pagedangan,PAGEDANGAN,-6.2971787900008,106.61577412602,Ramen Kanbe,-6.304799990343034,106.64312034845352,Ramen Restaurant
Pagedangan,PAGEDANGAN,-6.2971787900008,106.61577412602,Bakso Atom,-6.2832127,106.6363,Indonesian Meatball Place
Pagedangan,PAGEDANGAN,-6.2971787900008,106.61577412602,"PappaRich Floating Castle,BSD",-6.297595253108817,106.64024856916443,Malay Restaurant
Pagedangan,PAGEDANGAN,-6.2971787900008,106.61577412602,Gyu-Kaku,-6.303960544945363,106.64452193384103,Japanese Restaurant
Pagedangan,PAGEDANGAN,-6.2971787900008,106.61577412602,Menya Sakura,-6.3052716,106.64294,Ramen Restaurant
Pagedangan,PAGEDANGAN,-6.2971787900008,106.61577412602,O-GI,-6.303610959059817,106.64411544799805,Japanese Restaurant
Pakuhaji,PAKUHAJI,-6.054424738492499,106.60553399038,Bakso malang,-6.035881,106.603798,Dumpling Restaurant
Pakuhaji,PAKUHAJI,-6.054424738492499,106.60553399038,Holycow Steakhouse,-6.073566888794218,106.60272439974379,Steakhouse
Pakuhaji,PAKUHAJI,-6.054424738492499,106.60553399038,Sea Food 89,-6.0517453487212185,106.63961592211925,Seafood Restaurant
Pakuhaji,PAKUHAJI,-6.054424738492499,106.60553399038,pelelangan ikan Cituis-Surya Bahari,-6.044100396231246,106.5969975400606,Seafood Restaurant
Panongan,PANONGAN,-6.277677887994,106.52303999989999,bakwan malang,-6.273852825164795,106.53089141845703,Halal Restaurant
Panongan,PANONGAN,-6.277677887994,106.52303999989999,Mie Ayam Ayu,-6.283095,106.555418,Noodle House
Panongan,PANONGAN,-6.277677887994,106.52303999989999,I Am Geprek Bensu,-6.2501475,106.5239051,Betawinese Restaurant
Panongan,PANONGAN,-6.277677887994,106.52303999989999,MAXIMAL,-6.250375,106.52365,Bistro
Panongan,PANONGAN,-6.277677887994,106.52303999989999,MAXIMAL,-6.2504135,106.5236986,Bistro
Panongan,PANONGAN,-6.277677887994,106.52303999989999,Steak Bakar 21,-6.249587,106.52366,Steakhouse
Panongan,PANONGAN,-6.277677887994,106.52303999989999,Rumah Singgah Bu Adhe  [Erro1818],-6.30182,106.509155,Indonesian Meatball Place
Panongan,PANONGAN,-6.277677887994,106.52303999989999,RM. Cahaya Delima / Bofet Ma'kuto,-6.252295173993546,106.51997320523829,Padangnese Restaurant
Panongan,PANONGAN,-6.277677887994,106.52303999989999,"Warkop Mie Aceh ""SIGLI JAYA""",-6.25100969791177,106.51989265644848,Indonesian Restaurant
Panongan,PANONGAN,-6.277677887994,106.52303999989999,Mie Amen,-6.260768,106.5326154,Noodle House
Panongan,PANONGAN,-6.277677887994,106.52303999989999,Mom milk Benton Junction,-6.268532139609367,106.52699832813394,American Restaurant
Panongan,PANONGAN,-6.277677887994,106.52303999989999,Ayam Goreng Karawaci,-6.2573303,106.5212591,Asian Restaurant
Panongan,PANONGAN,-6.277677887994,106.52303999989999,Baso iga,-6.2657,106.53587,Indonesian Meatball Place
Panongan,PANONGAN,-6.277677887994,106.52303999989999,RM aceh,-6.249916,106.519949,Indian Restaurant
Panongan,PANONGAN,-6.277677887994,106.52303999989999,Kantin CaSip,-6.27384,106.48796,Dumpling Restaurant
Panongan,PANONGAN,-6.277677887994,106.52303999989999,"Joko mie ""I love you""",-6.254045486450195,106.52458953857422,Noodle House
Panongan,PANONGAN,-6.277677887994,106.52303999989999,The Aby's,-6.247687963795619,106.52111239854409,Steakhouse
Panongan,PANONGAN,-6.277677887994,106.52303999989999,Broaster chicken,-6.24862,106.53266,French Restaurant
Panongan,PANONGAN,-6.277677887994,106.52303999989999,Pondok Ikan Bakar Asli Pulau Seribu,-6.253528118133545,106.51986694335938,Seafood Restaurant
Panongan,PANONGAN,-6.277677887994,106.52303999989999,Jokomie,-6.252219200134277,106.5197982788086,Noodle House
Panongan,PANONGAN,-6.277677887994,106.52303999989999,Prima Steak House,-6.252011471478694,106.51924826723221,Steakhouse
Panongan,PANONGAN,-6.277677887994,106.52303999989999,Mie Jessy-Curug,-6.268273458249612,106.55720152190673,Noodle House
Panongan,PANONGAN,-6.277677887994,106.52303999989999,Mie Ting Ting,-6.2556115393299585,106.52115267316695,Noodle House
Panongan,PANONGAN,-6.277677887994,106.52303999989999,P sukro,-6.268156,106.558019,American Restaurant
Panongan,PANONGAN,-6.277677887994,106.52303999989999,Mie Ting Ting,-6.255240849512476,106.52070965273623,Noodle House
Panongan,PANONGAN,-6.277677887994,106.52303999989999,Iga Bakar Raflesia,-6.264112,106.524881,Steakhouse
Panongan,PANONGAN,-6.277677887994,106.52303999989999,Warung Soto,-6.290519714355469,106.53624725341797,Betawinese Restaurant
Panongan,PANONGAN,-6.277677887994,106.52303999989999,Pizza Hut,-6.248231469970891,106.52900061706569,Pizza Place
Panongan,PANONGAN,-6.277677887994,106.52303999989999,Sportclub Waterpoint,-6.248027378489203,106.52914524078369,Pizza Place
Panongan,PANONGAN,-6.277677887994,106.52303999989999,Steak 21 Living world,-6.2500187844522115,106.512091075981,American Restaurant
Panongan,PANONGAN,-6.277677887994,106.52303999989999,Pondok Sate Bpk. Amir,-6.283084455139789,106.55422071527866,Steakhouse
Panongan,PANONGAN,-6.277677887994,106.52303999989999,Bakmie Koyan 1,-6.248678936370976,106.52673941284101,Noodle House
Panongan,PANONGAN,-6.277677887994,106.52303999989999,Iga sapi bakar (graha raflesia),-6.26660702765731,106.52374177212246,American Restaurant
Panongan,PANONGAN,-6.277677887994,106.52303999989999,Domino's Pizza,-6.265746305035503,106.5268717472846,Pizza Place
Panongan,PANONGAN,-6.277677887994,106.52303999989999,Mie 'I Love You',-6.278125694614593,106.49426819126798,Noodle House
Panongan,PANONGAN,-6.277677887994,106.52303999989999,Jokomi Mie Ayam Bakso,-6.2521592841282,106.52000197267066,Noodle House
Panongan,PANONGAN,-6.277677887994,106.52303999989999,RM. Barokah 131,-6.280849933624268,106.55451202392578,Sundanese Restaurant
Panongan,PANONGAN,-6.277677887994,106.52303999989999,Mie Ayam & Bakso Raos Enggal,-6.273791584802777,106.48989611897271,Indonesian Meatball Place
Panongan,PANONGAN,-6.277677887994,106.52303999989999,Pecel Lele Cak Usman,-6.255099,106.521669,Javanese Restaurant
Panongan,PANONGAN,-6.277677887994,106.52303999989999,"Bakmi Jawa ""Raos Eco""",-6.262082185870421,106.52823537222677,Javanese Restaurant
Panongan,PANONGAN,-6.277677887994,106.52303999989999,Bakmi Jawa Jogja,-6.25597,106.52122,Javanese Restaurant
Panongan,PANONGAN,-6.277677887994,106.52303999989999,katon sari chinesse & seafood,-6.260615530847939,106.52815482029895,Chinese Restaurant
Panongan,PANONGAN,-6.277677887994,106.52303999989999,Xiang's Resto,-6.25029955959738,106.52001923313193,Chinese Restaurant
Panongan,PANONGAN,-6.277677887994,106.52303999989999,Pujasera Pondok OSLO,-6.249831644844541,106.52321819622782,Indonesian Restaurant
Panongan,PANONGAN,-6.277677887994,106.52303999989999,Oray taneh,-6.30153,106.52627,Chinese Restaurant
Panongan,PANONGAN,-6.277677887994,106.52303999989999,Mie Ayam Bangka Bojen,-6.270629,106.490354,Chinese Restaurant
Panongan,PANONGAN,-6.277677887994,106.52303999989999,Bakmi Semut,-6.260615325386047,106.52260256468675,Chinese Restaurant
Panongan,PANONGAN,-6.277677887994,106.52303999989999,Mie ayam dadung,-6.250461052176807,106.51368473830023,Chinese Restaurant
Rajeg,RAJEG,-6.1155131690248,106.51373338794001,Mie Ayam  / Bakso (pinggir komplek),-6.1205758223654225,106.51245928570333,Noodle House
Rajeg,RAJEG,-6.1155131690248,106.51373338794001,Seafood Rajeg Mulya Kang Emon,-6.114977,106.51914,Seafood Restaurant
Rajeg,RAJEG,-6.1155131690248,106.51373338794001,"Mie ayam "" Gondrong """,-6.12769,106.527,Bistro
Rajeg,RAJEG,-6.1155131690248,106.51373338794001,Caf ' les,-6.12366,106.525,French Restaurant
Rajeg,RAJEG,-6.1155131690248,106.51373338794001,Seafood 67,-6.1185802159107086,106.52699832813394,Bistro
Rajeg,RAJEG,-6.1155131690248,106.51373338794001,Pecel Lele Daon Rajeg,-6.132432,106.494633,Javanese Restaurant
Rajeg,RAJEG,-6.1155131690248,106.51373338794001,Mie menteng Point Square,-6.12380696835036,106.49929200664634,Noodle House
Rajeg,RAJEG,-6.1155131690248,106.51373338794001,Seafood 67,-6.114531,106.517692,Seafood Restaurant
Rajeg,RAJEG,-6.1155131690248,106.51373338794001,"Bakmi Bandung ""Sinu""",-6.125979900360107,106.52647399902344,Noodle House
Rajeg,RAJEG,-6.1155131690248,106.51373338794001,Mie Ayam Mas Agus,-6.128472,106.52672,Noodle House
Rajeg,RAJEG,-6.1155131690248,106.51373338794001,Seafood Perawan,-6.127916,106.523113,Sundanese Restaurant
Rajeg,RAJEG,-6.1155131690248,106.51373338794001,Sapo Oriental,-6.1225799,106.5227859,Japanese Restaurant
Rajeg,RAJEG,-6.1155131690248,106.51373338794001,"Bakso ""BEGADANG""",-6.114631,106.517777,Dumpling Restaurant
Rajeg,RAJEG,-6.1155131690248,106.51373338794001,Rm. Sunda Babah,-6.128062,106.52656,Sundanese Restaurant
Rajeg,RAJEG,-6.1155131690248,106.51373338794001,McDonald's Plaza Tangerang,-6.129271,106.495975,American Restaurant
Rajeg,RAJEG,-6.1155131690248,106.51373338794001,King Martabak Telor,-6.128759,106.52658,Javanese Restaurant
Rajeg,RAJEG,-6.1155131690248,106.51373338794001,Bakso Setan Pedas,-6.114522,106.517781,Indonesian Meatball Place
Rajeg,RAJEG,-6.1155131690248,106.51373338794001,"Wr.Tongseng "" P.Min Baru """,-6.112509718861187,106.51631401969237,Arepa Restaurant
Sepatan,SEPATAN,-6.123085000023,106.57634331790001,Mie Ayam Abah Anom,-6.11815,106.5848,Noodle House
Sepatan,SEPATAN,-6.123085000023,106.57634331790001,Mie Ayam Yoko,-6.152017980125879,106.5792826519923,Noodle House
Sepatan,SEPATAN,-6.123085000023,106.57634331790001,Warung Steak Mas Suryo,-6.15359,106.563,Steakhouse
Sepatan,SEPATAN,-6.123085000023,106.57634331790001,Bakso Mitra Mandiri (Cab.Mangga Besar),-6.118564849190676,106.59841341280784,Dumpling Restaurant
Sepatan,SEPATAN,-6.123085000023,106.57634331790001,Mie Ayam 68,-6.145906733809934,106.57959918200496,Noodle House
Sepatan,SEPATAN,-6.123085000023,106.57634331790001,Bakso Mitra Mandiri,-6.146739482879639,106.59004974365234,Dumpling Restaurant
Sepatan,SEPATAN,-6.123085000023,106.57634331790001,Bakmie Asun,-6.152909,106.580435,Noodle House
Sepatan,SEPATAN,-6.123085000023,106.57634331790001,Bakso bowo,-6.153455255592526,106.57895461229025,Noodle House
Sepatan,SEPATAN,-6.123085000023,106.57634331790001,Bakso Beranakpinak,-6.1492567,106.58945,Noodle House
Sepatan,SEPATAN,-6.123085000023,106.57634331790001,future PHD Kota bumi,-6.15313933174409,106.5865514498369,American Restaurant
Sepatan,SEPATAN,-6.123085000023,106.57634331790001,Bakso Ali Mukti,-6.149009542175008,106.59186939599897,Dumpling Restaurant
Sepatan,SEPATAN,-6.123085000023,106.57634331790001,Bakso Mas Denok,-6.14858,106.57947,Noodle House
Sepatan,SEPATAN,-6.123085000023,106.57634331790001,Sate Kambing Manalagi,-6.148360506736763,106.58642649650574,Dumpling Restaurant
Sepatan,SEPATAN,-6.123085000023,106.57634331790001,Mie ayam kampung 76 Regency,-6.151090578911326,106.57558216304881,Noodle House
Sepatan,SEPATAN,-6.123085000023,106.57634331790001,Sushi Box,-6.14844954084434,106.59285357578499,Sushi Restaurant
Sepatan,SEPATAN,-6.123085000023,106.57634331790001,Es kelapa muda & Mie ayam,-6.121929237473465,106.59842492400655,Noodle House
Sepatan,SEPATAN,-6.123085000023,106.57634331790001,Bebek Goreng Pondok Permai,-6.147389882578286,106.56915969318916,Dumpling Restaurant
Sepatan,SEPATAN,-6.123085000023,106.57634331790001,mie mbak wik,-6.146054267883301,106.56660461425781,Noodle House
Sepatan,SEPATAN,-6.123085000023,106.57634331790001,Ayam Bakar Ibu Aas,-6.1533613,106.58229,Steakhouse
Sepatan,SEPATAN,-6.123085000023,106.57634331790001,Rustique Plaza Senayan,-6.153420175779829,106.57140983768333,Steakhouse
Sepatan,SEPATAN,-6.123085000023,106.57634331790001,Bakso Putro Gajah Mungkur,-6.146793,106.580912,Javanese Restaurant
Sepatan,SEPATAN,-6.123085000023,106.57634331790001,kopi tiam,-6.1532151468022835,106.58070416316473,Chinese Restaurant
Sepatan,SEPATAN,-6.123085000023,106.57634331790001,Rumah Makan Kelapa Ijo,-6.113364219665527,106.57162475585938,Arepa Restaurant
Sepatan,SEPATAN,-6.123085000023,106.57634331790001,saung Family Seafood,-6.152948,106.587695,Chinese Restaurant
Sepatan,SEPATAN,-6.123085000023,106.57634331790001,Kabengbat Sepatan,-6.106729099286613,106.56982149793838,Arepa Restaurant
Sindang Jaya,SINDANG JAYA,-6.1677445935313,106.49771659504,Mie Ayam I Love You,-6.190583679036267,106.5006078571444,Indonesian Meatball Place
Sindang Jaya,SINDANG JAYA,-6.1677445935313,106.49771659504,Kampung kelapa,-6.185588,106.464299,Buffet
Sindang Jaya,SINDANG JAYA,-6.1677445935313,106.49771659504,rm padang,-6.166530609130859,106.53345489501953,Eastern European Restaurant
Sindang Jaya,SINDANG JAYA,-6.1677445935313,106.49771659504,Kedai sate & sop Bang Hasan 99,-6.193909854593639,106.50200007788082,Betawinese Restaurant
Sindang Jaya,SINDANG JAYA,-6.1677445935313,106.49771659504,Mang kabayan lippo karawaci,-6.192559,106.495141,Sundanese Restaurant
Sindang Jaya,SINDANG JAYA,-6.1677445935313,106.49771659504,Mie Ayam Pak Ukon,-6.16977,106.52843,Noodle House
Sindang Jaya,SINDANG JAYA,-6.1677445935313,106.49771659504,Facemie,-6.1935678,106.49699,Café
Sindang Jaya,SINDANG JAYA,-6.1677445935313,106.49771659504,RM. Kampung kalapa,-6.189291761924902,106.48039868001082,Malay Restaurant
Sindang Jaya,SINDANG JAYA,-6.1677445935313,106.49771659504,Felix Kitchen's,-6.16535,106.53415,Javanese Restaurant
Sindang Jaya,SINDANG JAYA,-6.1677445935313,106.49771659504,"Mie Ayam Baso ""I Love You""",-6.193948,106.49801,Indonesian Meatball Place
Sindang Jaya,SINDANG JAYA,-6.1677445935313,106.49771659504,Bebek Gembul Sambel Pelangi,-6.193804,106.499876,Javanese Restaurant
Sindang Jaya,SINDANG JAYA,-6.1677445935313,106.49771659504,Rumah Makan Pincuran Tujuh,-6.1936255,106.49824,Padangnese Restaurant
Sindang Jaya,SINDANG JAYA,-6.1677445935313,106.49771659504,Rumah makan kampoeng kelapa,-6.189438,106.480323,Burrito Place
Sindang Jaya,SINDANG JAYA,-6.1677445935313,106.49771659504,Bakso Gepeng Khas Kalimantan cabang BSD,-6.1906,106.49576,Chinese Restaurant
Sindang Jaya,SINDANG JAYA,-6.1677445935313,106.49771659504,Chinese Food CF88 Resto,-6.193890860578269,106.49900278760907,Chinese Restaurant
Sindang Jaya,SINDANG JAYA,-6.1677445935313,106.49771659504,Ayam Gepuk Pak Gembus Yogyakarta,-6.1933345,106.4994153,Food Stand
Solear,SOLEAR,-6.3036471790067985,106.42773740511998,Baso & Mie Ayam OJO LALI,-6.32614751764202,106.42132978933115,Noodle House
Sukadiri,KOSAMBI,-6.0791226544962,106.68093492143,Bakmie 46 Kencana,-6.083312843513196,106.69909069897874,Noodle House
Sukadiri,KOSAMBI,-6.0791226544962,106.68093492143,R.M Amien,-6.087597,106.706593,Chinese Restaurant
Sukadiri,KOSAMBI,-6.0791226544962,106.68093492143,Pizza Hut Mall Summarecon,-6.093912298275234,106.69735746874373,Pizza Place
Sukadiri,KOSAMBI,-6.0791226544962,106.68093492143,Sate Padang Goyang Lidah,-6.092067319073796,106.69918858946605,Argentinian Restaurant
Sukadiri,KOSAMBI,-6.0791226544962,106.68093492143,Seafood zahra 57,-6.082691,106.7018552,Seafood Restaurant
Sukadiri,KOSAMBI,-6.0791226544962,106.68093492143,Ojo Lali Seafood,-6.100008010864258,106.69922637939453,Seafood Restaurant
Sukadiri,KOSAMBI,-6.0791226544962,106.68093492143,Cilacap warteg jln perancis,-6.0901,106.69488,American Restaurant
Sukadiri,KOSAMBI,-6.0791226544962,106.68093492143,mie ayam acay,-6.092583179473877,106.69813537597656,Noodle House
Sukadiri,KOSAMBI,-6.0791226544962,106.68093492143,Bakmi ayam mami,-6.092197,106.698875,Noodle House
Sukadiri,KOSAMBI,-6.0791226544962,106.68093492143,M3 seafood Dadap,-6.0964819245763575,106.68731536732264,Seafood Restaurant
Sukadiri,KOSAMBI,-6.0791226544962,106.68093492143,Bakmi Ayam 68,-6.092660903930664,106.70330047607422,Noodle House
Sukadiri,KOSAMBI,-6.0791226544962,106.68093492143,Cewe,-6.0937639,106.6941401,American Restaurant
Sukadiri,KOSAMBI,-6.0791226544962,106.68093492143,CaFe Bu SuRF,-6.0980329513549805,106.6999740600586,Noodle House
Sukadiri,KOSAMBI,-6.0791226544962,106.68093492143,Bakmi ayam bangka villa taman bandara,-6.0903117662777655,106.69591216095635,Noodle House
Sukadiri,KOSAMBI,-6.0791226544962,106.68093492143,Pecel lele lamongan,-6.094911021898397,106.704042860619,American Restaurant
Sukadiri,KOSAMBI,-6.0791226544962,106.68093492143,TABOG CLASS,-6.0906564,106.695468,American Restaurant
Sukadiri,KOSAMBI,-6.0791226544962,106.68093492143,Bakso Malang,-6.092521105813362,106.70495268847893,Noodle House
Sukadiri,KOSAMBI,-6.0791226544962,106.68093492143,Bim Burger Terminal 3  Airport Soeta,-6.103071608110881,106.68375122277037,American Restaurant
Sukadiri,KOSAMBI,-6.0791226544962,106.68093492143,"Bakmi bangka 77, villa taman bandara",-6.09173059463501,106.69901275634766,Noodle House
Sukadiri,KOSAMBI,-6.0791226544962,106.68093492143,Bakmi Kencana,-6.085307289479221,106.70138249946413,Noodle House
Sukadiri,KOSAMBI,-6.0791226544962,106.68093492143,Sinar laut seafood,-6.091790089020771,106.70003240356084,Seafood Restaurant
Sukadiri,KOSAMBI,-6.0791226544962,106.68093492143,Waroeng steak and shake,-6.089959,106.708154,Steakhouse
Sukadiri,KOSAMBI,-6.0791226544962,106.68093492143,Nasi Uduk Villa Bandara,-6.087224960327148,106.69641876220703,Betawinese Restaurant
Sukadiri,KOSAMBI,-6.0791226544962,106.68093492143,Mie jogja,-6.091747986409516,106.69633250845628,Sundanese Restaurant
Sukadiri,KOSAMBI,-6.0791226544962,106.68093492143,caldera villa taman bandara,-6.091094170858087,106.69826151071648,American Restaurant
Sukadiri,KOSAMBI,-6.0791226544962,106.68093492143,Bakmi Fajar,-6.092069760765139,106.69671254935365,Noodle House
Sukadiri,KOSAMBI,-6.0791226544962,106.68093492143,Bakmie Kali Beton,-6.0935847271964185,106.69478931883738,Dim Sum Restaurant
Sukadiri,KOSAMBI,-6.0791226544962,106.68093492143,Restoran amin chinese food 101,-6.091937,106.698834,Cantonese Restaurant
Sukadiri,KOSAMBI,-6.0791226544962,106.68093492143,"Rumah Makan Padang ""Bahagia Jaya""",-6.087317943572998,106.69624328613281,Padangnese Restaurant
Sukadiri,KOSAMBI,-6.0791226544962,106.68093492143,Ayam Goreng Kalasan,-6.09064,106.69444,Javanese Restaurant
Sukadiri,KOSAMBI,-6.0791226544962,106.68093492143,Rumah Makan Sinar Minang Baru,-6.091346022097086,106.69833060961892,Padangnese Restaurant
Sukadiri,KOSAMBI,-6.0791226544962,106.68093492143,Chef Mickey,-6.096049097798501,106.6951635989062,Chinese Restaurant
Sukadiri,KOSAMBI,-6.0791226544962,106.68093492143,Masakan Medan 888,-6.091634273529053,106.69462585449219,Chinese Restaurant
Sukadiri,KOSAMBI,-6.0791226544962,106.68093492143,QQ Food & Beverages,-6.091430160236897,106.6959870173016,Chinese Restaurant
Sukadiri,KOSAMBI,-6.0791226544962,106.68093492143,Dadap Seafood Resto,-6.087597,106.706593,Chinese Restaurant
Sukadiri,KOSAMBI,-6.0791226544962,106.68093492143,Kebab Queen,-6.094854,106.697048,Burrito Place
Sukadiri,KOSAMBI,-6.0791226544962,106.68093492143,Fajar 88 Dadap,-6.09118,106.70036,Chinese Restaurant
Sukadiri,KOSAMBI,-6.0791226544962,106.68093492143,Siomay Benteng Cabang Dadap,-6.092746734619141,106.69816589355469,Chinese Restaurant
Sukadiri,KOSAMBI,-6.0791226544962,106.68093492143,Bakmi Garing 88,-6.0917802680985025,106.69471073704604,Chinese Restaurant
Sukadiri,KOSAMBI,-6.0791226544962,106.68093492143,Rumah makan omi,-6.089128,106.697974,Chinese Restaurant
Sukadiri,KOSAMBI,-6.0791226544962,106.68093492143,seafood 2008,-6.093544006347656,106.70960235595703,Seafood Restaurant
Sukadiri,KOSAMBI,-6.0791226544962,106.68093492143,Bakmi GM,-6.105701760496836,106.69659162717866,Noodle House
Sukadiri,KOSAMBI,-6.0791226544962,106.68093492143,Bakmi Naga,-6.092197816534097,106.6923201084137,Noodle House
Sukadiri,KOSAMBI,-6.0791226544962,106.68093492143,Pangkep Seafood 33,-6.104550999868016,106.69869337921291,Seafood Restaurant
Sukadiri,KOSAMBI,-6.0791226544962,106.68093492143,Ationg MASAKAN MALAYSIA,-6.088278986458987,106.6982903019232,Malay Restaurant
Sukadiri,KOSAMBI,-6.0791226544962,106.68093492143,RM. Bagan,-6.093049062813751,106.70367463509297,Chinese Restaurant
Sukadiri,KOSAMBI,-6.0791226544962,106.68093492143,Chinese Food Medan,-6.091987609863281,106.6988754272461,Chinese Restaurant
Sukadiri,KOSAMBI,-6.0791226544962,106.68093492143,Pondok Sate Madura Cak H. Ali,-6.108656,106.683738,Satay Restaurant
Sukadiri,KOSAMBI,-6.0791226544962,106.68093492143,Restaurant Fajar88,-6.091231198254729,106.70054178596037,Chinese Restaurant
Sukadiri,KOSAMBI,-6.0791226544962,106.68093492143,QQ Asli Masakan Medan,-6.091771313069245,106.69465112328083,Chinese Restaurant
Sukadiri,SUKADIRI,-6.0682019955625,106.55984500109,Mie Ayam Bim-Bim,-6.080717325581395,106.54004476744186,Noodle House
Sukadiri,SUKADIRI,-6.0682019955625,106.55984500109,Baso Timbul Mas Agus,-6.085541248321533,106.54474639892578,Dumpling Restaurant
Sukadiri,SUKADIRI,-6.0682019955625,106.55984500109,Mie Ayam Jamur Herbal,-6.084313926394179,106.54461622238159,Noodle House
Teluknaga,TELUKNAGA,-6.058094078984902,106.67283950274,@ seafood tanjung pasir,-6.049961319437995,106.66444021077865,Seafood Restaurant
Teluknaga,TELUKNAGA,-6.058094078984902,106.67283950274,Puskesmas tegal angus,-6.042859,106.665363,Pizza Place
Teluknaga,TELUKNAGA,-6.058094078984902,106.67283950274,RM Padang Saiyo,-6.076727622359444,106.64557994086886,Padangnese Restaurant
Teluknaga,TELUKNAGA,-6.058094078984902,106.67283950274,Bakso & Mie Ayam Gajah Mungkur,-6.067021,106.647296,Indonesian Meatball Place
Teluknaga,TELUKNAGA,-6.058094078984902,106.67283950274,RM Bu Pati,-6.039235,106.674747,Pizza Place
Teluknaga,TELUKNAGA,-6.058094078984902,106.67283950274,Kampung besar - lemo,-6.0361949566636826,106.6826399585311,Pizza Place
Teluknaga,TELUKNAGA,-6.058094078984902,106.67283950274,Pos ting tong lantamal tanjung pasir,-6.039235,106.674747,Pizza Place
Teluknaga,TELUKNAGA,-6.058094078984902,106.67283950274,Bubur Ayam Cirebon,-6.077309605695334,106.6451309067338,Middle Eastern Restaurant
Teluknaga,TELUKNAGA,-6.058094078984902,106.67283950274,Rumah makan cahaya baru,-6.070122,106.64717,Chinese Restaurant
Teluknaga,TELUKNAGA,-6.058094078984902,106.67283950274,ronggolawe sea food,-6.0785040855407715,106.643798828125,Seafood Restaurant
Teluknaga,TELUKNAGA,-6.058094078984902,106.67283950274,"Rumah Makan ""Seafood 99""",-6.076428485418236,106.64543026272081,Seafood Restaurant
Teluknaga,TELUKNAGA,-6.058094078984902,106.67283950274,kedai soto,-6.067146301269531,106.64693450927734,Betawinese Restaurant
Teluknaga,TELUKNAGA,-6.058094078984902,106.67283950274,Bakmi kamlay,-6.073820444142425,106.64600019160444,Noodle House
Teluknaga,TELUKNAGA,-6.058094078984902,106.67283950274,Pondok Nelayan,-6.028628,106.668146,Seafood Restaurant
Teluknaga,TELUKNAGA,-6.058094078984902,106.67283950274,kedai bakso podomoro,-6.064235210418701,106.64212036132812,Dumpling Restaurant
Teluknaga,TELUKNAGA,-6.058094078984902,106.67283950274,Pizza corner,-6.07663,106.69259,Pizza Place
Teluknaga,TELUKNAGA,-6.058094078984902,106.67283950274,Pecel Lele tempat kita jadian,-6.0693920097971885,106.64681191107765,Seafood Restaurant
Teluknaga,TELUKNAGA,-6.058094078984902,106.67283950274,Two-s Cafee,-6.076030668515114,106.6722933802767,American Restaurant
Teluknaga,TELUKNAGA,-6.058094078984902,106.67283950274,Pecel Lele Depan Komplek,-6.067321989557028,106.64675434222089,Seafood Restaurant
Teluknaga,TELUKNAGA,-6.058094078984902,106.67283950274,RM Kepiting Alay,-6.06901,106.64641,Seafood Restaurant
Teluknaga,TELUKNAGA,-6.058094078984902,106.67283950274,Mie ayam 999,-6.059729142678598,106.65098569377732,Noodle House
Teluknaga,TELUKNAGA,-6.058094078984902,106.67283950274,Rizky seafood tanjung pasiir,-6.031749151973401,106.66711163851818,Seafood Restaurant
Teluknaga,TELUKNAGA,-6.058094078984902,106.67283950274,Nasan Seafood,-6.028880995234629,106.667957981277,Buffet
Teluknaga,TELUKNAGA,-6.058094078984902,106.67283950274,Bakso Goyang Lidah,-6.067298,106.6475,Indonesian Meatball Place
Teluknaga,TELUKNAGA,-6.058094078984902,106.67283950274,Rm. Masakan Medan,-6.064504623413086,106.68635559082031,Chinese Restaurant
Tigaraksa,TIGARAKSA,-6.259875000009298,106.46901500015998,Kebab Ali baba,-6.263339266472359,106.46700175055786,Food Truck
Tigaraksa,TIGARAKSA,-6.259875000009298,106.46901500015998,Ayam Bakar Assyifa,-6.2633312959224,106.469066524878,Sundanese Restaurant
Tigaraksa,TIGARAKSA,-6.259875000009298,106.46901500015998,Seblak Kang Iik,-6.26334453932941,106.469161240384,Halal Restaurant
Tigaraksa,TIGARAKSA,-6.259875000009298,106.46901500015998,Mie Ayam Baso Karomah Tigaraksa Tangerang,-6.2446976,106.47711,Noodle House
Tigaraksa,TIGARAKSA,-6.259875000009298,106.46901500015998,@bakso barokah bugel,-6.265989691234885,106.46765748417434,Noodle House
Tigaraksa,TIGARAKSA,-6.259875000009298,106.46901500015998,Mie Ayam Barokah,-6.243866014467715,106.47942077303415,Noodle House
Tigaraksa,TIGARAKSA,-6.259875000009298,106.46901500015998,Mie 'I Love You',-6.278125694614593,106.49426819126798,Noodle House
Tigaraksa,TIGARAKSA,-6.259875000009298,106.46901500015998,Kantin CaSip,-6.27384,106.48796,Dumpling Restaurant
Tigaraksa,TIGARAKSA,-6.259875000009298,106.46901500015998,Warung Seblak Bandung,-6.265940902782651,106.46852604677088,Halal Restaurant
Tigaraksa,TIGARAKSA,-6.259875000009298,106.46901500015998,Pecel Lele,-6.24363583168654,106.47226493344995,Seafood Restaurant
Tigaraksa,TIGARAKSA,-6.259875000009298,106.46901500015998,Mie Ayam Barokah,-6.261722,106.483385,Noodle House
Tigaraksa,TIGARAKSA,-6.259875000009298,106.46901500015998,Mie Ayam & Bakso Raos Enggal,-6.273791584802777,106.48989611897271,Indonesian Meatball Place
Tigaraksa,TIGARAKSA,-6.259875000009298,106.46901500015998,Chiku kopitiam,-6.24538,106.491,Chinese Restaurant
Tigaraksa,TIGARAKSA,-6.259875000009298,106.46901500015998,rumah makan 898,-6.278884,106.476205,Chinese Restaurant
Tigaraksa,TIGARAKSA,-6.259875000009298,106.46901500015998,Mie Ayam Bangka Bojen,-6.270629,106.490354,Chinese Restaurant
Tigaraksa,TIGARAKSA,-6.259875000009298,106.46901500015998,Rm Priangan,-6.276096,106.482765,Sundanese Restaurant
